{
  "R": 0.9950809813393313,
  "H": 3.3374966687629617,
  "delta_H": 0.0015294495645239436,
  "kappa_mean": 0.9937469937469999
}